{
    "mean": [
        0.229681,
        0.263303,
        0.234913
    ],
    "std": [
        0.137491,
        0.160573,
        0.12494
    ]
}